season,name,nation,team,position,90s,goal,shoot,ontarget,ontarget%,shoot/90,ontarget/90,goal/shoot,goal/ontarget,fk,pass,shortpass,mediumpass,longpass,assist,keypass,throw,cross,ck,tackle,cut,block,intercept,clearing,match,time,foul,gainfoul,offside
20,김영빈_강원,KOR,강원,DF,27.18888889,1,13,6,0.461538462,0.144444444,0.066666667,0.076923077,0.166666667,33,1745,726,909,110,0,6,29,1,0,4,140,7,46,47,26,2447,33,19,1
20,손준호_전북,KOR,전북,MF,26.4,2,34,9,0.264705882,0.377777778,0.1,0.058823529,0.222222222,137,1584,751,614,219,5,30,3,24,72,33,171,7,51,39,25,2376,59,67,1
20,임채민_강원,KOR,강원,DF,27.56666667,1,13,4,0.307692308,0.144444444,0.044444444,0.076923077,0.25,68,1570,512,894,164,0,2,7,0,0,10,130,16,34,119,26,2481,24,32,0
20,한국영_강원,KOR,강원,MF,22.04444444,1,19,3,0.157894737,0.211111111,0.033333333,0.052631579,0.333333333,46,1481,697,669,115,2,16,6,1,2,9,80,7,43,9,22,1984,27,22,0
20,박용우_상주,KOR,상주,MF,23.83333333,1,26,7,0.269230769,0.288888889,0.077777778,0.038461538,0.142857143,61,1446,770,553,123,0,12,5,3,0,0,100,4,47,32,25,2145,13,25,0
20,연제운_성남,KOR,성남,DF,25.55555556,0,8,2,0.25,0.088888889,0.022222222,0,0,73,1429,513,739,177,0,2,6,2,0,8,112,16,47,80,25,2300,9,23,0
20,윤빛가람_울산,KOR,울산,MF,22.7,4,39,17,0.435897436,0.433333333,0.188888889,0.102564103,0.235294118,48,1320,737,460,123,0,27,4,34,77,10,68,5,26,13,24,2043,35,20,0
20,최영준_포항,KOR,포항,MF,24.42222222,0,8,0,0,0.088888889,0,0,0,32,1275,680,503,92,1,15,12,3,0,21,146,7,56,21,23,2198,29,34,1
20,신광훈_강원,KOR,강원,FB,22.3,0,3,0,0,0.033333333,0,0,0,49,1267,645,499,123,2,8,179,8,0,8,105,4,26,35,21,2007,31,26,1
20,한석종_수원,KOR,수원,MF,24.9,1,14,4,0.285714286,0.155555556,0.044444444,0.071428571,0.25,29,1266,631,493,142,0,12,4,1,0,13,107,5,47,7,24,2241,32,39,0
20,김민우_수원,KOR,수원,FB,28.64444444,4,34,10,0.294117647,0.377777778,0.111111111,0.117647059,0.4,44,1252,874,329,49,3,22,203,25,30,13,88,6,48,14,27,2578,41,32,7
20,원두재_울산,KOR,울산,MF,21.13333333,0,6,0,0,0.066666667,0,0,0,23,1245,578,546,121,1,5,0,1,0,8,84,16,41,27,23,1902,32,27,1
20,이용_전북,KOR,전북,FB,20.81111111,0,6,2,0.333333333,0.066666667,0.022222222,0,0,47,1244,754,416,74,1,23,183,30,0,17,119,6,35,29,20,1873,26,9,0
20,권경원_상주,KOR,상주,DF,24.33333333,1,13,5,0.384615385,0.144444444,0.055555556,0.076923077,0.2,58,1232,467,645,120,0,3,16,0,0,14,95,11,34,91,23,2190,23,11,2
20,김문환_부산,KOR,부산,FB,25.53333333,1,13,3,0.230769231,0.144444444,0.033333333,0.076923077,0.333333333,12,1208,737,374,97,0,14,209,13,0,10,122,7,47,27,24,2298,25,23,0
20,정승현_울산,KOR,울산,DF,24.4,2,11,4,0.363636364,0.122222222,0.044444444,0.181818182,0.5,42,1162,396,637,129,0,1,6,1,0,11,106,19,43,91,23,2196,30,17,1
20,김태환_울산,KOR,울산,FB,25.73333333,1,5,2,0.4,0.055555556,0.022222222,0.2,0.5,18,1160,681,391,88,4,27,203,30,1,5,58,6,33,22,25,2316,38,27,2
20,신진호_울산,KOR,울산,MF,20.16666667,1,19,4,0.210526316,0.211111111,0.044444444,0.052631579,0.25,26,1155,590,420,145,4,31,1,25,47,5,50,2,16,12,22,1815,25,15,0
20,하창래_포항,KOR,포항,DF,27.28888889,1,11,4,0.363636364,0.122222222,0.044444444,0.090909091,0.25,37,1075,457,522,96,0,4,2,2,0,10,140,15,55,75,26,2456,44,20,0
20,이태희_성남,KOR,성남,FB,27.35555556,0,6,3,0.5,0.066666667,0.033333333,0,0,27,1036,616,360,60,2,20,176,14,0,8,110,6,40,46,26,2462,24,41,2
20,호물로_부산,KOR,부산,MF,25.26666667,4,38,12,0.315789474,0.422222222,0.133333333,0.105263158,0.333333333,102,1032,455,416,161,4,37,6,38,79,0,79,12,26,23,26,2274,33,50,0
20,최보경_전북,KOR,전북,DF,19.11111111,0,0,0,0,0,0,0,0,36,1026,392,533,101,0,3,10,1,0,12,70,6,22,43,18,1720,9,10,0
20,불투이스_울산,KOR,울산,DF,21.61111111,0,11,3,0.272727273,0.122222222,0.033333333,0,0,26,1019,346,575,98,0,1,2,2,0,24,102,11,36,71,22,1945,25,6,0
20,고광민_서울,KOR,서울,FB,23.52222222,1,5,3,0.6,0.055555556,0.033333333,0.2,0.333333333,9,978,633,294,51,1,11,127,8,0,2,91,5,33,21,23,2117,32,10,0
20,김광석_포항,KOR,포항,DF,27.4,0,4,0,0,0.044444444,0,0,0,28,960,299,550,111,0,0,2,0,0,9,112,16,31,60,27,2466,22,18,0
20,강상우_포항,KOR,포항,FB,26.58888889,8,42,13,0.30952381,0.466666667,0.144444444,0.19047619,0.615384615,64,953,611,288,54,12,35,74,47,86,3,69,4,31,8,26,2393,14,57,11
20,세징야_대구,KOR,대구,FW,26.11111111,18,100,36,0.36,1.111111111,0.4,0.18,0.5,84,936,491,317,128,4,71,12,50,93,0,34,1,18,12,25,2350,26,56,7
20,고승범_수원,KOR,수원,MF,21.61111111,3,35,11,0.314285714,0.388888889,0.122222222,0.085714286,0.272727273,22,922,565,319,38,3,19,7,4,0,7,91,9,51,17,22,1945,35,19,1
20,홍정호_전북,KOR,전북,DF,22.01111111,1,12,6,0.5,0.133333333,0.066666667,0.083333333,0.166666667,26,921,353,475,93,1,3,5,0,0,13,84,20,57,78,22,1981,20,8,0
20,김우석_대구,KOR,대구,DF,25.83333333,0,5,0,0,0.055555556,0,0,0,31,911,457,373,81,0,3,31,4,0,12,145,4,38,54,25,2325,23,23,0
20,신세계_강원,KOR,강원,FB,18.07777778,0,8,2,0.25,0.088888889,0.022222222,0,0,23,904,459,378,67,0,3,97,2,0,5,68,6,32,41,18,1627,37,13,1
20,안태현_상주,KOR,상주,FB,20.56666667,1,8,3,0.375,0.088888889,0.033333333,0.125,0.333333333,15,903,590,272,41,1,8,181,7,0,13,112,6,43,26,22,1851,24,23,0
20,쿠니모토_전북,KOR,전북,MF,18.8,2,37,10,0.27027027,0.411111111,0.111111111,0.054054054,0.2,3,900,501,308,91,1,16,12,13,6,9,54,3,22,4,25,1692,35,26,1
20,이승기_전북,KOR,전북,W,20.48888889,5,39,10,0.256410256,0.433333333,0.111111111,0.128205128,0.5,5,899,589,261,49,2,17,4,10,1,6,53,2,20,3,24,1844,15,27,3
20,윤종규_서울,KOR,서울,FB,18.12222222,0,7,2,0.285714286,0.077777778,0.022222222,0,0,11,892,529,308,55,0,11,141,12,0,5,60,3,34,24,17,1631,13,11,0
20,김보경_전북,KOR,전북,MF,20.23333333,5,41,14,0.341463415,0.455555556,0.155555556,0.12195122,0.357142857,25,890,577,269,44,2,25,12,11,53,1,49,2,22,9,25,1821,28,29,2
20,김남춘_서울,KOR,서울,DF,20.84444444,0,4,1,0.25,0.044444444,0.011111111,0,0,16,883,308,463,112,0,2,0,0,0,14,126,9,45,73,22,1876,23,6,0
20,김동현_성남,KOR,성남,MF,20.71111111,0,15,1,0.066666667,0.166666667,0.011111111,0,0,40,879,426,379,74,2,17,1,10,27,14,120,8,37,57,21,1864,39,29,0
20,정승원_대구,KOR,대구,FB,26.1,0,19,3,0.157894737,0.211111111,0.033333333,0,0,22,867,552,263,52,7,27,211,24,0,9,94,7,45,28,26,2349,29,27,1
20,김도혁_인천,KOR,인천,MF,22.6,2,24,6,0.25,0.266666667,0.066666667,0.083333333,0.333333333,29,861,508,275,78,3,14,1,9,13,11,106,4,51,25,22,2034,32,56,1
20,강민수_부산,KOR,부산,DF,20.73333333,1,3,2,0.666666667,0.033333333,0.022222222,0.333333333,0.5,34,859,313,437,109,0,1,3,0,0,5,84,16,18,76,20,1866,19,14,0
20,팔로세비치_포항,KOR,포항,MF,18.86666667,14,61,27,0.442622951,0.677777778,0.3,0.229508197,0.518518519,57,834,414,342,78,6,46,7,41,48,5,34,2,24,4,22,1698,12,26,1
20,황현수_서울,KOR,서울,DF,19.47777778,1,7,2,0.285714286,0.077777778,0.022222222,0.142857143,0.5,30,814,273,428,113,0,4,41,2,0,3,84,7,36,40,19,1753,18,6,0
20,이영재_강원,KOR,강원,MF,14.48888889,2,46,13,0.282608696,0.511111111,0.144444444,0.043478261,0.153846154,42,806,391,324,91,1,22,6,18,64,0,44,3,18,10,23,1304,14,18,0
20,김동우_부산,KOR,부산,DF,18.97777778,1,6,2,0.333333333,0.066666667,0.022222222,0.166666667,0.5,28,802,279,420,103,0,1,3,1,0,2,71,23,22,62,19,1708,8,8,0
20,한승규_서울,KOR,서울,MF,19.7,3,36,16,0.444444444,0.4,0.177777778,0.083333333,0.1875,19,801,502,204,95,2,16,2,15,26,2,33,0,33,4,22,1773,25,24,3
20,김진혁_상주,KOR,상주,DF,19.38888889,1,11,2,0.181818182,0.122222222,0.022222222,0.090909091,0.5,27,798,232,466,100,0,1,1,0,0,10,99,15,36,61,19,1745,19,19,1
20,정태욱_대구,KOR,대구,DF,28.54444444,1,16,3,0.1875,0.177777778,0.033333333,0.0625,0.333333333,42,798,306,418,74,0,3,3,2,0,10,166,17,58,102,27,2569,37,18,0
20,김진수_전북,KOR,전북,FB,16.03333333,0,21,6,0.285714286,0.233333333,0.066666667,0,0,24,796,432,305,59,2,20,136,22,0,7,70,2,32,19,15,1443,25,32,0
20,민상기_수원,KOR,수원,DF,21.57777778,0,6,0,0,0.066666667,0,0,0,17,796,281,420,95,0,2,3,0,0,14,118,9,35,49,21,1942,19,8,0
20,염기훈_수원,KOR,수원,W,17.51111111,3,26,10,0.384615385,0.288888889,0.111111111,0.115384615,0.3,50,788,498,235,55,4,41,18,29,58,1,33,1,6,15,25,1576,16,34,0
20,이창용_성남,KOR,성남,DF,19.02222222,2,7,3,0.428571429,0.077777778,0.033333333,0.285714286,0.666666667,22,770,315,359,96,1,2,6,1,1,8,88,9,21,65,19,1712,19,8,0
20,정동윤_인천,KOR,인천,FB,20.47777778,1,10,4,0.4,0.111111111,0.044444444,0.1,0.25,15,766,479,243,44,2,11,150,6,0,11,86,3,44,24,21,1843,28,33,1
20,이규성_부산,KOR,부산,MF,21.72222222,1,17,2,0.117647059,0.188888889,0.022222222,0.058823529,0.5,22,760,366,291,103,1,16,7,5,6,2,50,3,18,13,22,1955,17,22,0
20,여름_광주,KOR,광주,MF,26.31111111,0,22,0,0,0.244444444,0,0,0,59,749,411,271,67,0,19,14,23,34,23,95,8,39,34,25,2368,36,45,6
20,이스칸데로프_성남,KOR,성남,MF,17.9,0,15,2,0.133333333,0.166666667,0.022222222,0,0,48,730,408,256,66,2,17,15,16,30,0,61,1,27,15,21,1611,9,9,0
20,오스마르_서울,KOR,서울,MF,14.37777778,1,18,5,0.277777778,0.2,0.055555556,0.055555556,0.2,21,729,331,308,90,1,13,7,3,0,6,80,4,46,23,15,1294,16,11,0
20,헨리_수원,KOR,수원,DF,20.46666667,1,10,2,0.2,0.111111111,0.022222222,0.1,0.5,25,729,220,412,97,0,1,3,2,0,26,142,10,45,87,20,1842,22,8,1
20,장호익_수원,KOR,수원,FB,16.62222222,0,0,0,0,0,0,0,0,22,707,421,241,45,0,5,76,1,0,7,92,6,31,33,18,1496,29,20,0
20,박정수_광주,KOR,광주,MF,25.53333333,0,5,1,0.2,0.055555556,0.011111111,0,0,39,701,320,308,73,0,1,11,2,0,12,151,16,39,37,25,2298,40,38,1
20,박준강_부산,KOR,부산,FB,16.14444444,0,10,1,0.1,0.111111111,0.011111111,0,0,14,695,391,236,68,1,10,126,8,1,8,85,6,25,24,19,1453,26,23,2
20,조현우_울산,KOR,울산,GK,28.67777778,0,0,0,0,0,0,0,0,45,684,203,358,123,0,0,0,0,0,0,0,0,7,15,27,2581,0,0,0
20,문지환_인천,KOR,인천,DF,18.2,0,5,0,0,0.055555556,0,0,0,13,677,292,306,79,0,2,3,1,0,13,76,11,31,46,19,1638,27,26,1
20,심상민_상주,KOR,상주,FB,13.23333333,0,0,0,0,0,0,0,0,30,669,435,199,35,1,12,101,19,12,5,56,1,22,11,13,1191,12,21,0
20,김원식_서울,KOR,서울,MF,14.43333333,1,7,3,0.428571429,0.077777778,0.033333333,0.142857143,0.333333333,12,664,310,283,71,0,4,7,1,0,12,50,8,34,20,16,1299,25,17,0
20,츠바사_대구,KOR,대구,MF,19.48888889,0,10,2,0.2,0.111111111,0.022222222,0,0,8,664,392,231,41,3,16,5,1,0,3,76,0,40,8,24,1754,22,26,1
20,홍철_울산,KOR,울산,FB,13.17777778,0,3,1,0.333333333,0.033333333,0.011111111,0,0,21,657,353,240,64,4,15,84,20,14,5,55,3,24,21,15,1186,9,10,0
20,박종우_부산,KOR,부산,MF,16.5,1,12,4,0.333333333,0.133333333,0.044444444,0.083333333,0.25,66,651,237,264,150,1,7,3,9,28,36,111,4,17,33,19,1485,28,19,0
20,주세종_서울,KOR,서울,MF,11.85555556,0,5,3,0.6,0.055555556,0.033333333,0,0,30,644,269,271,104,1,14,1,16,29,8,39,3,15,13,16,1067,21,15,0
20,이청용_울산,KOR,울산,W,16.92222222,4,12,8,0.666666667,0.133333333,0.088888889,0.333333333,0.5,4,643,393,203,47,1,26,15,9,3,4,48,1,18,3,20,1523,13,21,4
20,김민혁_전북,KOR,전북,DF,15.26666667,1,4,2,0.5,0.044444444,0.022222222,0.25,0.5,20,627,241,287,99,0,2,6,2,0,5,68,11,23,47,15,1374,11,10,1
20,양준아_인천,KOR,인천,MF,19.21111111,0,4,3,0.75,0.044444444,0.033333333,0,0,41,627,283,286,58,0,1,6,0,0,6,71,9,25,56,18,1729,15,4,0
20,임승겸_성남,KOR,성남,DF,15.92222222,0,5,2,0.4,0.055555556,0.022222222,0,0,29,625,269,288,68,0,2,8,0,0,3,79,6,25,19,16,1433,20,8,3
20,이재권_강원,KOR,강원,MF,11.77777778,1,4,1,0.25,0.044444444,0.011111111,0.25,1,18,624,312,277,35,2,12,5,2,0,3,46,3,20,16,14,1060,34,20,1
20,양상민_수원,KOR,수원,FB,12.98888889,0,11,1,0.090909091,0.122222222,0.011111111,0,0,31,621,320,252,49,0,3,9,1,0,12,80,2,45,26,14,1169,17,8,0
20,아슐마토프_광주,KOR,광주,DF,22.4,1,10,2,0.2,0.111111111,0.022222222,0.1,0.5,62,618,205,276,137,1,5,9,0,0,22,157,19,38,75,21,2016,12,0,0
20,아길라르_인천,KOR,인천,MF,15.56666667,2,31,11,0.35483871,0.344444444,0.122222222,0.064516129,0.181818182,75,611,330,180,101,3,27,9,16,44,1,21,1,13,3,17,1401,28,35,1
20,송민규_포항,KOR,포항,W,23.05555556,10,52,20,0.384615385,0.577777778,0.222222222,0.192307692,0.5,8,609,416,164,29,6,28,29,14,6,5,37,1,25,4,27,2075,23,54,5
20,김기희_울산,KOR,울산,DF,11.04444444,0,4,2,0.5,0.044444444,0.022222222,0,0,16,603,219,311,73,1,4,1,1,0,1,36,3,14,44,12,994,7,3,0
20,김선민_대구,KOR,대구,MF,13.64444444,0,4,2,0.5,0.044444444,0.022222222,0,0,4,590,314,207,69,0,2,2,0,0,12,86,3,28,14,16,1228,42,7,1
20,김대원_대구,KOR,대구,W,21.43333333,3,45,13,0.288888889,0.5,0.144444444,0.066666667,0.230769231,11,572,363,167,42,4,33,6,25,19,0,43,0,27,8,27,1929,15,11,3
20,유인수_성남,KOR,성남,W,19.61111111,2,22,7,0.318181818,0.244444444,0.077777778,0.090909091,0.285714286,2,569,405,142,22,3,11,159,6,0,11,91,8,36,27,23,1765,29,26,3
20,최철순_전북,KOR,전북,FB,13.3,0,4,1,0.25,0.044444444,0.011111111,0,0,4,568,368,174,26,2,5,112,10,0,2,59,2,21,18,13,1197,14,9,1
20,박주호_울산,KOR,울산,FB,10.31111111,0,2,2,1,0.022222222,0.022222222,0,0,11,566,356,180,30,1,6,56,7,0,2,37,4,11,14,12,928,18,17,0
20,이승모_포항,KOR,포항,MF,14.07777778,2,18,8,0.444444444,0.2,0.088888889,0.111111111,0.25,10,561,298,221,42,2,6,1,4,0,12,60,7,25,12,19,1267,25,11,2
20,박상혁_수원,KOR,수원,MF,14.42222222,1,22,8,0.363636364,0.244444444,0.088888889,0.045454545,0.125,10,557,370,168,19,0,11,2,3,18,2,49,1,14,6,20,1298,12,14,0
20,도스톤벡_부산,KOR,부산,DF,14.75555556,1,3,1,0.333333333,0.033333333,0.011111111,0.333333333,1,21,554,185,304,65,0,1,3,1,0,6,84,10,24,43,16,1328,15,13,2
20,김성주_인천,KOR,인천,MF,12.87777778,0,12,3,0.25,0.133333333,0.033333333,0,0,48,548,302,166,80,0,15,85,27,21,7,37,2,11,10,14,1159,9,16,0
20,조재완_강원,KOR,강원,W,20.95555556,5,53,17,0.320754717,0.588888889,0.188888889,0.094339623,0.294117647,9,544,386,142,16,3,23,23,19,18,7,44,2,9,13,22,1886,12,25,0
20,고무열_강원,KOR,강원,FW,20.26666667,9,50,24,0.48,0.555555556,0.266666667,0.18,0.375,2,540,398,131,11,1,19,1,2,1,2,18,1,9,8,24,1824,28,36,5
20,일류첸코_포항,KOR,포항,FW,26.63333333,19,73,33,0.452054795,0.811111111,0.366666667,0.260273973,0.575757576,1,540,379,136,25,6,33,0,1,0,2,44,4,14,24,26,2397,65,43,10
20,배재우_상주,KOR,상주,FB,13.58888889,0,4,0,0,0.044444444,0,0,0,17,535,303,198,34,0,2,120,4,0,4,51,4,32,37,13,1223,20,7,1
20,김연수_인천,KOR,인천,DF,16.25555556,0,1,0,0,0.011111111,0,0,0,22,531,218,280,33,0,1,3,0,0,15,94,17,31,59,16,1463,18,12,0
20,김주성_서울,KOR,서울,DF,13.12222222,0,3,1,0.333333333,0.033333333,0.011111111,0,0,17,531,320,185,26,0,0,40,0,0,7,65,5,17,22,13,1181,18,11,1
20,김준엽_인천,KOR,인천,FB,15.32222222,0,2,1,0.5,0.022222222,0.011111111,0,0,6,531,372,134,25,3,17,121,14,0,6,55,3,30,24,15,1379,15,11,1
20,오닐_포항,KOR,포항,MF,12.43333333,0,10,1,0.1,0.111111111,0.011111111,0,0,25,524,203,241,80,0,8,0,6,21,10,65,6,30,20,13,1119,24,4,0
20,이현식_강원,KOR,강원,MF,13.51111111,1,23,7,0.304347826,0.255555556,0.077777778,0.043478261,0.142857143,14,520,333,168,19,1,17,11,3,0,2,52,1,29,4,20,1216,30,46,3
20,박태준_성남,KOR,성남,MF,15.5,2,14,5,0.357142857,0.155555556,0.055555556,0.142857143,0.4,5,518,292,186,40,0,16,6,7,0,2,53,7,27,10,17,1395,16,35,0
20,권완규_포항,KOR,포항,FB,12.07777778,1,8,4,0.5,0.088888889,0.044444444,0.125,0.25,11,510,295,186,29,0,7,96,6,0,1,60,4,20,22,14,1087,18,8,0
20,고명석_상주,KOR,상주,DF,10.88888889,0,0,0,0,0,0,0,0,8,503,156,299,48,0,2,20,0,0,7,46,6,14,38,11,980,8,4,0
20,이광혁_포항,KOR,포항,W,13.87777778,1,19,5,0.263157895,0.211111111,0.055555556,0.052631579,0.2,11,501,342,133,26,4,20,25,12,7,5,33,0,12,7,25,1249,17,26,4
20,한교원_전북,KOR,전북,W,20.93333333,11,40,16,0.4,0.444444444,0.177777778,0.275,0.6875,1,488,385,99,4,4,30,4,14,0,1,48,0,14,3,24,1884,30,33,3
20,이동수_상주,KOR,상주,MF,9.9,0,9,4,0.444444444,0.1,0.044444444,0,0,8,477,290,164,23,0,5,3,1,0,0,37,0,17,9,12,891,11,5,0
20,전민광_포항,KOR,포항,DF,12.26666667,0,8,0,0,0.088888889,0,0,0,13,474,274,175,25,1,3,52,4,0,6,69,7,12,37,16,1104,10,14,0
20,김승대_강원,KOR,강원,FW,18.51111111,2,13,7,0.538461538,0.144444444,0.077777778,0.153846154,0.285714286,14,470,349,114,7,6,33,8,14,33,0,8,0,10,6,22,1666,5,17,4
20,설영우_울산,KOR,울산,FB,11.15555556,0,4,2,0.5,0.044444444,0.022222222,0,0,13,459,307,127,25,0,4,53,1,0,7,35,1,18,22,14,1004,7,20,2
20,김창수_광주,KOR,광주,FB,23.75555556,0,5,1,0.2,0.055555556,0.011111111,0,0,9,458,244,179,35,1,10,183,11,0,17,88,12,22,32,24,2138,11,7,6
20,송범근_전북,KOR,전북,GK,28.8,0,0,0,0,0,0,0,0,63,458,147,200,111,0,0,0,0,0,1,8,0,7,13,27,2592,0,3,0
20,김경중_강원,KOR,강원,W,15.41111111,1,15,6,0.4,0.166666667,0.066666667,0.066666667,0.166666667,5,457,295,139,23,2,10,66,7,0,0,47,5,21,18,18,1387,25,29,2
20,김인성_울산,KOR,울산,W,21.45555556,4,43,11,0.255813953,0.477777778,0.122222222,0.093023256,0.363636364,1,452,316,126,10,6,14,7,5,0,2,52,3,30,7,24,1931,25,30,16
20,홍준호_광주,KOR,광주,DF,23.25555556,1,11,1,0.090909091,0.122222222,0.011111111,0.090909091,1,30,449,165,200,84,0,1,6,0,0,22,131,21,45,97,22,2093,25,16,4
20,김영광_성남,KOR,성남,GK,24.45555556,0,0,0,0,0,0,0,0,63,441,116,191,134,0,0,0,0,0,2,16,0,9,17,23,2201,0,2,0
20,정현철_서울,KOR,서울,MF,9.966666667,0,3,0,0,0.033333333,0,0,0,6,441,242,179,20,1,4,2,1,0,6,51,4,20,5,10,897,18,5,0
20,조진우_대구,KOR,대구,DF,16.68888889,0,5,0,0,0.055555556,0,0,0,9,440,194,194,52,0,1,9,0,0,10,105,12,23,49,19,1502,14,0,0
20,최지묵_성남,KOR,성남,DF,8.9,0,0,0,0,0,0,0,0,13,436,278,132,26,0,0,41,0,0,2,37,4,11,17,10,801,10,12,0
20,김진야_서울,KOR,서울,FB,17.75555556,0,10,2,0.2,0.111111111,0.022222222,0,0,2,433,323,95,15,3,13,56,10,0,8,55,2,21,17,24,1598,20,18,3
20,강현무_포항,KOR,포항,GK,28.72222222,0,0,0,0,0,0,0,0,82,421,44,155,222,1,1,0,0,0,0,17,0,11,23,27,2585,0,8,0
20,류재문_대구,KOR,대구,MF,14.61111111,2,19,5,0.263157895,0.211111111,0.055555556,0.105263158,0.4,2,421,214,165,42,0,4,1,1,1,2,52,2,24,13,21,1315,24,17,1
20,김정호_인천,KOR,인천,DF,10.68888889,0,4,0,0,0.044444444,0,0,0,13,420,167,206,47,0,7,1,0,0,6,41,4,8,15,11,962,13,5,0
20,이주용_전북,KOR,전북,FB,7.444444444,0,9,1,0.111111111,0.1,0.011111111,0,0,7,417,265,133,19,1,13,73,13,0,6,39,2,17,12,10,670,8,3,0
20,박주영_서울,KOR,서울,FW,18.87777778,4,31,11,0.35483871,0.344444444,0.122222222,0.129032258,0.363636364,55,416,291,90,35,2,31,8,25,60,3,16,0,13,12,23,1699,16,31,10
20,팔라시오스_포항,KOR,포항,W,18.56666667,5,29,11,0.379310345,0.322222222,0.122222222,0.172413793,0.454545455,0,408,274,118,16,6,30,0,24,0,4,32,0,31,6,25,1671,35,22,2
20,김상원_포항,KOR,포항,FB,10.14444444,0,0,0,0,0,0,0,0,7,400,198,169,33,0,6,90,9,0,4,41,2,8,20,11,913,17,7,0
20,김준범_인천,KOR,인천,MF,14.06666667,1,12,3,0.25,0.133333333,0.033333333,0.083333333,0.333333333,6,397,269,106,22,1,12,0,5,0,9,63,2,22,9,21,1266,22,18,3
20,신창무_대구,KOR,대구,MF,13.51111111,0,9,3,0.333333333,0.1,0.033333333,0,0,13,394,256,119,19,0,9,88,6,2,6,65,1,13,22,18,1216,24,8,2
20,조지훈_강원,KOR,강원,MF,4.611111111,0,7,3,0.428571429,0.077777778,0.033333333,0,0,14,394,188,171,35,0,1,1,0,1,1,22,1,7,4,8,415,8,3,0
20,펠리페_광주,KOR,광주,FW,24.37777778,12,64,25,0.390625,0.711111111,0.277777778,0.1875,0.48,1,386,263,110,13,1,27,0,3,0,2,36,2,21,26,24,2194,51,60,10
20,권순형_성남,KOR,성남,MF,5.677777778,1,7,2,0.285714286,0.077777778,0.022222222,0.142857143,0.5,21,380,213,147,20,0,2,0,1,7,3,25,1,19,8,7,511,4,9,0
20,이창근_상주,KOR,상주,GK,19.22222222,0,0,0,0,0,0,0,0,70,378,103,140,135,0,0,0,0,0,0,7,0,5,12,18,1730,0,4,0
20,이범수_강원,KOR,강원,GK,16.96666667,0,0,0,0,0,0,0,0,39,368,123,175,70,0,0,0,0,0,0,9,0,10,21,16,1527,0,0,0
20,오반석_인천,KOR,인천,DF,13.56666667,0,7,1,0.142857143,0.077777778,0.011111111,0,0,29,366,188,161,17,0,0,2,0,0,22,88,16,25,40,14,1221,10,10,0
20,고명진_울산,KOR,울산,MF,8.822222222,0,10,4,0.4,0.111111111,0.044444444,0,0,7,365,229,112,24,2,8,5,5,12,10,35,3,7,5,14,794,16,11,2
20,문선민_상주,KOR,상주,W,13.96666667,5,34,17,0.5,0.377777778,0.188888889,0.147058824,0.294117647,5,364,264,89,11,4,16,4,8,11,0,9,0,7,0,20,1257,17,21,3
20,양한빈_서울,KOR,서울,GK,17.03333333,0,0,0,0,0,0,0,0,61,364,64,155,145,0,0,0,0,0,1,7,0,5,12,16,1533,0,7,0
20,김지현_강원,KOR,강원,FW,16.65555556,8,41,14,0.341463415,0.455555556,0.155555556,0.195121951,0.571428571,0,358,270,83,5,2,13,0,1,0,0,38,2,8,6,23,1499,26,25,4
20,무릴로_전북,KOR,전북,W,10.07777778,1,39,12,0.307692308,0.433333333,0.133333333,0.025641026,0.083333333,10,343,250,79,14,0,12,2,9,6,3,17,0,11,5,17,907,9,17,0
20,이진현_대구,KOR,대구,MF,9.144444444,1,15,6,0.4,0.166666667,0.066666667,0.066666667,0.166666667,7,342,172,124,46,0,12,3,10,9,4,34,1,11,6,21,823,17,16,3
20,이재성_인천,KOR,인천,DF,9.6,0,0,0,0,0,0,0,0,32,341,99,186,56,0,1,0,0,0,11,42,10,29,29,9,864,12,5,1
20,명준재_수원,KOR,수원,W,9.133333333,0,2,0,0,0.022222222,0,0,0,2,338,233,90,15,2,9,61,7,0,9,35,1,15,6,11,822,20,11,0
20,이동준_부산,KOR,부산,W,27.05555556,5,36,12,0.333333333,0.4,0.133333333,0.138888889,0.416666667,2,334,223,98,13,4,27,19,12,0,2,75,2,32,9,26,2435,46,76,8
20,황순민_대구,KOR,대구,W,7.877777778,0,6,1,0.166666667,0.066666667,0.011111111,0,0,2,331,219,92,20,0,2,69,3,2,2,25,0,10,10,8,709,9,5,1
20,이종성_수원,KOR,수원,MF,6.433333333,0,0,0,0,0,0,0,0,7,330,193,107,30,0,3,2,1,0,8,28,2,3,18,6,579,9,3,0
20,이한도_광주,KOR,광주,DF,9.7,0,2,0,0,0.022222222,0,0,0,15,330,75,194,61,0,2,5,0,0,4,40,9,18,39,10,873,3,10,0
20,구대영_수원,KOR,수원,FB,8.166666667,0,3,0,0,0.033333333,0,0,0,6,328,178,124,26,0,1,53,1,0,9,75,3,15,16,9,735,7,8,0
20,윤영선_서울,KOR,서울,DF,9.1,0,3,1,0.333333333,0.033333333,0.011111111,0,0,12,327,109,185,33,0,2,3,0,0,6,53,5,10,24,9,819,17,0,0
20,김재우_대구,KOR,대구,DF,10.85555556,0,3,0,0,0.033333333,0,0,0,7,321,84,190,47,0,0,7,0,0,4,56,10,10,32,11,977,9,2,2
20,나상호_성남,KOR,성남,FW,17.77777778,7,49,21,0.428571429,0.544444444,0.233333333,0.142857143,0.333333333,10,319,237,70,12,0,10,4,4,13,0,33,4,9,5,19,1600,17,35,3
20,김민혁_상주,KOR,상주,MF,10.92222222,2,9,2,0.222222222,0.1,0.022222222,0.222222222,1,10,316,231,76,9,0,8,9,1,0,6,38,0,16,9,11,983,23,21,3
20,김보섭_상주,KOR,상주,W,12.58888889,1,37,10,0.27027027,0.411111111,0.111111111,0.027027027,0.1,3,316,209,95,12,1,10,6,2,0,1,28,1,14,0,17,1133,20,27,0
20,이으뜸_광주,KOR,광주,FB,12.95555556,0,9,4,0.444444444,0.1,0.044444444,0,0,44,314,122,129,63,3,15,76,24,32,1,58,9,13,22,15,1166,9,15,0
20,채광훈_강원,KOR,강원,FB,7.488888889,1,7,2,0.285714286,0.077777778,0.022222222,0.142857143,0.5,17,311,192,96,23,1,7,60,13,32,4,53,0,12,15,13,674,8,9,0
20,한찬희_서울,KOR,서울,MF,7.366666667,1,20,4,0.2,0.222222222,0.044444444,0.05,0.25,8,308,179,101,28,0,6,1,4,6,6,38,0,13,7,12,663,10,5,1
20,이상준_부산,KOR,부산,FB,12.62222222,0,5,1,0.2,0.055555556,0.011111111,0,0,3,305,189,90,26,0,5,59,3,0,3,53,3,9,21,16,1136,13,10,2
20,안토니스_수원,KOR,수원,MF,8.9,0,16,2,0.125,0.177777778,0.022222222,0,0,5,302,157,97,48,0,10,1,5,0,3,25,2,7,4,16,801,11,8,0
20,조영욱_서울,KOR,서울,FW,17.47777778,3,34,11,0.323529412,0.377777778,0.122222222,0.088235294,0.272727273,0,302,220,78,4,1,17,4,6,0,1,46,0,10,5,20,1573,15,35,8
20,김동진_대구,KOR,대구,FB,8.266666667,1,2,1,0.5,0.022222222,0.011111111,0.5,1,3,301,209,76,16,0,3,44,3,0,5,31,2,13,11,11,744,12,9,1
20,이호인_강원,KOR,강원,DF,5.111111111,1,5,1,0.2,0.055555556,0.011111111,0.2,1,6,301,147,143,11,0,1,7,0,0,3,23,2,5,13,7,460,3,0,0
20,김태환_수원,KOR,수원,FB,10.91111111,1,16,4,0.25,0.177777778,0.044444444,0.0625,0.25,4,299,174,108,17,2,9,73,6,0,0,36,2,23,9,13,982,15,22,0
20,이재원_성남,KOR,성남,W,12.27777778,1,12,5,0.416666667,0.133333333,0.055555556,0.083333333,0.2,2,295,191,80,24,0,4,9,3,0,5,54,2,18,13,16,1105,27,26,2
20,데얀_대구,KOR,대구,FW,15.58888889,9,50,25,0.5,0.555555556,0.277777778,0.18,0.36,2,293,232,51,10,3,12,3,2,0,1,19,0,6,13,23,1403,11,8,9
20,이상기_상주,KOR,상주,FB,7.333333333,1,3,1,0.333333333,0.033333333,0.011111111,0.333333333,1,2,291,186,95,10,0,3,57,2,0,3,32,3,9,9,9,660,14,4,0
20,고요한_서울,KOR,서울,MF,9.4,0,10,2,0.2,0.111111111,0.022222222,0,0,2,290,206,68,16,0,3,22,1,0,5,17,1,6,3,15,846,15,17,2
20,무고사_인천,KOR,인천,FW,23.17777778,12,85,25,0.294117647,0.944444444,0.277777778,0.141176471,0.48,4,289,187,85,17,2,6,2,3,0,4,23,0,10,22,24,2086,16,30,7
20,이민기_광주,KOR,광주,DF,12.8,0,7,1,0.142857143,0.077777778,0.011111111,0,0,5,285,157,103,25,0,4,103,5,0,1,72,4,26,25,13,1152,8,11,1
20,타가트_수원,KOR,수원,FW,18.92222222,9,64,26,0.40625,0.711111111,0.288888889,0.140625,0.346153846,0,284,221,56,7,0,8,1,1,0,1,13,1,9,6,23,1703,26,19,20
20,조규성_전북,KOR,전북,FW,15.21111111,4,23,8,0.347826087,0.255555556,0.088888889,0.173913043,0.5,2,280,221,54,5,2,16,9,3,0,0,28,1,17,5,23,1369,35,34,4
20,이상민_수원,KOR,수원,MF,5.944444444,0,3,1,0.333333333,0.033333333,0.011111111,0,0,6,278,155,99,24,0,1,7,0,0,3,32,1,7,8,6,535,9,8,0
20,조성진_수원,KOR,수원,DF,5.822222222,0,2,0,0,0.022222222,0,0,0,7,278,131,128,19,0,0,2,0,0,4,25,0,9,9,9,524,5,0,0
20,양동현_성남,KOR,성남,FW,14.35555556,3,32,11,0.34375,0.355555556,0.122222222,0.09375,0.272727273,1,277,188,76,13,0,12,2,3,0,5,26,5,9,8,23,1292,19,23,6
20,임민혁_광주,KOR,광주,MF,9.144444444,1,14,2,0.142857143,0.155555556,0.022222222,0.071428571,0.5,28,276,159,83,34,3,15,5,12,20,0,27,0,10,6,16,823,19,21,0
20,박재우_포항,KOR,포항,FB,6.933333333,0,1,0,0,0.011111111,0,0,0,7,271,157,102,12,0,0,48,1,0,1,22,1,7,6,8,624,16,8,0
20,김정현_부산,KOR,부산,MF,6.522222222,1,9,1,0.111111111,0.1,0.011111111,0.111111111,1,10,270,134,125,11,0,3,0,0,0,4,38,3,21,22,8,587,12,15,0
20,강윤구_인천,KOR,인천,DF,9.444444444,0,1,0,0,0.011111111,0,0,0,11,267,176,77,14,0,3,66,4,1,2,40,2,7,15,12,850,13,13,0
20,알리바예프_서울,KOR,서울,MF,7.844444444,0,9,2,0.222222222,0.1,0.022222222,0,0,4,265,172,74,19,0,4,3,0,0,2,42,1,16,6,11,706,10,7,0
20,엄원상_광주,KOR,광주,W,20.43333333,7,30,12,0.4,0.333333333,0.133333333,0.233333333,0.583333333,1,265,197,59,9,2,20,3,3,0,6,71,0,21,8,23,1839,8,37,6
20,김건희_수원,KOR,수원,FW,11.76666667,2,15,6,0.4,0.166666667,0.066666667,0.133333333,0.333333333,0,264,213,45,6,0,13,1,1,0,1,11,1,5,11,17,1059,18,25,3
20,지언학_인천,KOR,인천,W,13.01111111,2,15,3,0.2,0.166666667,0.033333333,0.133333333,0.666666667,2,263,200,60,0,1,6,4,2,0,0,24,0,15,0,16,1171,6,30,8
20,최필수_부산,KOR,부산,GK,13.86666667,0,0,0,0,0,0,0,0,42,263,64,118,81,0,0,1,0,0,1,7,0,4,10,13,1248,0,3,0
20,이우혁_인천,KOR,인천,MF,5.922222222,0,3,1,0.333333333,0.033333333,0.011111111,0,0,10,262,124,108,30,0,1,1,0,1,3,29,3,10,5,8,533,12,0,0
20,양형모_수원,KOR,수원,GK,17.07777778,0,0,0,0,0,0,0,0,46,261,54,89,118,0,0,0,0,0,2,11,0,8,13,16,1537,0,3,0
20,주니오_울산,KOR,울산,FW,24.02222222,26,96,45,0.46875,1.066666667,0.5,0.270833333,0.577777778,1,259,172,78,9,2,22,2,3,0,0,34,5,8,9,27,2162,23,21,10
20,마상훈_성남,KOR,성남,DF,7.255555556,1,1,1,1,0.011111111,0.011111111,1,1,8,258,95,137,26,0,2,0,0,0,4,50,5,15,37,9,653,11,9,0
20,이정협_부산,KOR,부산,FW,19.83333333,6,27,18,0.666666667,0.3,0.2,0.222222222,0.333333333,0,251,177,59,15,2,12,1,3,0,1,10,1,8,13,22,1785,15,27,10
20,김병오_부산,KOR,부산,W,13.5,0,16,3,0.1875,0.177777778,0.033333333,0,0,1,249,147,83,19,1,7,5,6,0,7,32,2,13,5,20,1215,24,30,3
20,문창진_상주,KOR,상주,MF,6.255555556,1,6,2,0.333333333,0.066666667,0.022222222,0.166666667,0.5,6,244,171,66,7,1,7,2,3,7,0,17,0,8,0,16,563,4,12,0
20,에드가_대구,KOR,대구,FW,13.1,5,54,15,0.277777778,0.6,0.166666667,0.092592593,0.333333333,0,242,173,55,14,3,17,0,3,0,0,15,1,4,12,16,1179,31,25,10
20,이찬동_제주,KOR,제주,MF,5.244444444,0,6,1,0.166666667,0.066666667,0.011111111,0,0,7,241,117,110,14,0,4,0,0,0,0,31,1,9,7,8,472,12,14,0
20,박한빈_대구,KOR,대구,MF,8.122222222,1,12,3,0.25,0.133333333,0.033333333,0.083333333,0.333333333,0,240,156,66,18,1,7,2,0,0,5,35,1,10,2,8,731,21,10,0
20,오범석_포항,KOR,포항,FB,6.244444444,0,2,0,0,0.022222222,0,0,0,5,239,122,94,23,0,0,13,0,0,4,29,3,12,10,9,562,15,11,0
20,권혁규_부산,KOR,부산,MF,10.47777778,1,15,6,0.4,0.166666667,0.066666667,0.066666667,0.166666667,1,236,167,59,10,0,2,1,0,0,2,27,1,11,4,16,943,25,13,1
20,김오규_제주,KOR,제주,DF,3.433333333,0,1,0,0,0.011111111,0,0,0,5,236,83,129,24,0,1,0,0,0,3,22,0,9,6,4,309,5,2,0
20,구성윤_대구,KOR,대구,GK,18.25555556,0,0,0,0,0,0,0,0,40,234,0,79,112,1,1,0,0,0,0,0,0,2,11,17,1643,0,2,0
20,안영규_성남,KOR,성남,DF,6.611111111,0,1,0,0,0.011111111,0,0,0,8,234,122,88,24,0,0,7,1,0,3,39,5,7,23,13,595,6,4,0
20,이광연_강원,KOR,강원,GK,11.66666667,0,0,0,0,0,0,0,0,24,233,80,99,54,0,0,0,0,0,0,0,0,3,12,11,1050,0,0,0
20,심동운_포항,KOR,포항,W,11.41111111,0,23,6,0.260869565,0.255555556,0.066666667,0,0,0,232,160,65,7,1,4,15,2,1,4,32,0,8,2,22,1027,11,7,1
20,윤주태_서울,KOR,서울,FW,10.15555556,3,37,15,0.405405405,0.411111111,0.166666667,0.081081081,0.2,1,227,150,65,12,1,5,2,1,0,1,15,0,4,3,18,914,13,15,2
20,우주성_상주,KOR,상주,DF,5.033333333,0,3,0,0,0.033333333,0,0,0,2,226,92,127,7,0,1,7,2,0,1,28,4,9,7,8,453,3,6,1
20,여봉훈_광주,KOR,광주,MF,8.655555556,0,4,1,0.25,0.044444444,0.011111111,0,0,4,218,119,81,18,0,3,19,0,0,6,33,3,17,9,14,779,15,9,0
20,송시우_인천,KOR,인천,W,12.43333333,2,19,7,0.368421053,0.211111111,0.077777778,0.105263158,0.285714286,1,215,164,45,6,2,11,1,0,0,1,17,1,8,4,25,1119,20,40,3
20,윌리안_광주,KOR,광주,W,14.91111111,5,39,15,0.384615385,0.433333333,0.166666667,0.128205128,0.333333333,1,215,124,70,21,3,11,3,4,2,2,47,0,25,4,17,1342,29,35,5
20,바로우_전북,KOR,전북,W,10.56666667,2,10,5,0.5,0.111111111,0.055555556,0.2,0.4,1,211,154,49,8,4,15,3,13,0,5,37,0,7,2,15,951,17,19,2
20,윤석영_부산,KOR,부산,FB,5.544444444,0,2,0,0,0.022222222,0,0,0,10,208,103,78,27,0,3,41,4,4,3,25,3,5,7,6,499,0,7,0
20,정석화_강원,KOR,강원,W,7.544444444,0,6,1,0.166666667,0.066666667,0.011111111,0,0,2,208,134,67,7,1,10,6,8,10,0,13,0,5,0,13,679,10,8,0
20,한희훈_광주,KOR,광주,DF,7.744444444,0,4,0,0,0.044444444,0,0,0,5,208,76,94,38,1,3,1,1,0,7,29,10,22,19,9,697,5,10,0
20,이진형_광주,KOR,광주,GK,13.88888889,0,0,0,0,0,0,0,0,39,205,0,65,104,0,0,0,0,0,0,0,0,0,5,13,1250,0,0,0
20,이동경_울산,KOR,울산,MF,6.677777778,2,20,5,0.25,0.222222222,0.055555556,0.1,0.4,2,204,121,67,16,1,13,2,3,11,1,20,0,5,5,18,601,14,12,0
20,윤평국_광주,KOR,광주,GK,14.92222222,0,0,0,0,0,0,0,0,50,203,0,68,95,0,0,0,0,0,0,7,0,0,9,14,1343,0,4,0
20,박병현_상주,KOR,상주,DF,5.211111111,0,5,1,0.2,0.055555556,0.011111111,0,0,2,198,55,129,14,0,1,0,0,0,3,29,4,10,20,5,469,8,0,0
20,김호남_인천,KOR,인천,W,9.655555556,2,19,9,0.473684211,0.211111111,0.1,0.105263158,0.222222222,1,193,132,50,11,0,3,4,4,10,2,21,0,6,4,14,869,15,12,2
20,박수일_성남,KOR,성남,FB,6.555555556,0,6,0,0,0.066666667,0,0,0,0,187,134,41,12,0,2,9,0,0,3,19,2,9,5,11,590,11,8,2
20,노동건_수원,KOR,수원,GK,11.75555556,0,0,0,0,0,0,0,0,32,184,0,69,86,0,0,0,0,0,0,0,0,0,10,11,1058,0,0,0
20,데이비슨_울산,KOR,울산,FB,4.244444444,0,4,0,0,0.044444444,0,0,0,4,184,104,66,14,0,2,33,5,0,3,25,1,4,11,4,382,8,0,0
20,김선우_상주,KOR,상주,MF,4.477777778,0,7,1,0.142857143,0.077777778,0.011111111,0,0,4,181,102,65,14,0,1,2,2,7,7,21,1,8,2,6,403,6,3,0
20,정산_인천,KOR,인천,GK,12.77777778,0,0,0,0,0,0,0,0,36,179,0,70,72,0,0,0,0,0,5,12,0,4,8,12,1150,0,0,0
20,김승준_부산,KOR,부산,FW,6.488888889,0,3,1,0.333333333,0.033333333,0.011111111,0,0,2,178,123,46,9,0,5,2,0,0,4,10,0,12,7,11,584,11,10,0
20,김용환_상주,KOR,상주,FB,3.166666667,0,0,0,0,0,0,0,0,0,175,90,62,23,1,4,16,7,0,1,12,2,3,5,3,285,0,3,0
20,신형민_전북,KOR,전북,MF,3.488888889,0,0,0,0,0,0,0,0,5,171,88,63,20,0,2,1,1,0,0,17,1,7,7,9,314,0,5,0
20,김현성_성남,KOR,성남,FW,10.72222222,0,15,5,0.333333333,0.166666667,0.055555556,0,0,1,169,126,40,3,1,8,0,1,0,0,13,0,9,7,15,965,17,24,0
20,마하지_인천,KOR,인천,MF,5.2,0,0,0,0,0,0,0,0,6,168,72,73,23,0,2,1,0,0,13,27,1,7,3,7,468,9,8,0
20,최준혁_광주,KOR,광주,MF,6.122222222,0,2,1,0.5,0.022222222,0.011111111,0,0,9,166,90,66,10,1,4,0,2,0,5,46,3,12,10,10,551,4,10,0
20,최성근_수원,KOR,수원,MF,3.177777778,0,3,1,0.333333333,0.033333333,0.011111111,0,0,6,162,104,49,9,0,2,1,1,0,2,9,1,3,0,5,286,4,6,0
20,최영은_대구,KOR,대구,GK,10.64444444,0,0,0,0,0,0,0,0,9,158,0,59,73,0,0,0,0,0,2,0,0,5,3,10,958,0,3,0
20,김주공_광주,KOR,광주,W,9.455555556,2,12,2,0.166666667,0.133333333,0.022222222,0.166666667,1,0,150,109,37,4,3,6,1,2,0,1,21,0,7,4,23,851,9,13,2
20,구스타보_전북,KOR,전북,FW,12.52222222,5,55,13,0.236363636,0.611111111,0.144444444,0.090909091,0.384615385,2,146,114,30,0,2,5,1,2,0,2,15,1,3,11,14,1127,12,7,10
20,두현석_광주,KOR,광주,W,6.488888889,1,11,3,0.272727273,0.122222222,0.033333333,0.090909091,0.333333333,13,146,85,44,17,0,9,0,6,9,1,23,0,4,6,11,584,4,12,3
20,박대원_수원,KOR,수원,DF,3.888888889,0,2,0,0,0.022222222,0,0,0,5,146,77,62,7,0,1,10,0,0,1,22,1,8,11,4,350,5,3,0
20,오세훈_상주,KOR,상주,FW,11.94444444,4,26,12,0.461538462,0.288888889,0.133333333,0.153846154,0.333333333,2,145,103,38,4,2,11,0,1,0,0,17,0,3,8,13,1075,23,18,5
20,크르피치_수원,KOR,수원,FW,7.7,2,12,6,0.5,0.133333333,0.066666667,0.166666667,0.333333333,1,142,102,35,5,1,7,0,0,0,0,7,1,7,5,13,693,14,5,1
20,유상훈_서울,KOR,서울,GK,11.7,0,0,0,0,0,0,0,0,38,139,0,44,67,0,0,1,0,0,1,8,0,5,10,11,1053,0,3,0
20,홍정운_대구,KOR,대구,DF,3.277777778,0,3,1,0.333333333,0.033333333,0.011111111,0,0,9,133,55,61,17,0,0,2,0,0,2,16,1,5,6,4,295,7,0,0
20,김명준_부산,KOR,부산,DF,5.288888889,0,1,0,0,0.011111111,0,0,0,10,132,46,61,25,0,0,0,0,0,3,32,2,8,20,8,476,8,2,0
20,김진규_부산,KOR,부산,MF,4.033333333,1,8,1,0.125,0.088888889,0.011111111,0.125,1,8,130,66,48,16,2,2,1,4,1,1,12,2,3,4,8,363,8,0,1
20,최오백_성남,KOR,성남,W,4.822222222,0,4,1,0.25,0.044444444,0.011111111,0,0,1,129,98,26,5,0,4,8,4,2,0,9,0,0,4,8,434,0,12,4
20,이동국_전북,KOR,전북,FW,5.5,4,22,8,0.363636364,0.244444444,0.088888889,0.181818182,0.5,2,127,102,0,8,0,5,1,2,0,0,0,0,3,0,11,495,4,7,2
20,정한민_서울,KOR,서울,W,8.677777778,2,12,3,0.25,0.133333333,0.033333333,0.166666667,0.666666667,0,125,100,0,4,0,6,0,1,0,3,28,0,12,5,11,781,5,7,1
20,황병근_상주,KOR,상주,GK,6.366666667,0,0,0,0,0,0,0,0,12,125,51,46,28,0,0,0,0,0,0,0,0,0,5,6,573,0,0,0
20,윤용호_성남,KOR,성남,MF,2.455555556,0,2,0,0,0.022222222,0,0,0,6,120,66,49,5,0,4,1,2,5,1,8,0,3,0,5,221,8,3,0
20,이태희_인천,KOR,인천,GK,12.84444444,0,0,0,0,0,0,0,0,49,120,0,25,74,0,0,0,0,0,0,0,0,0,11,12,1156,0,5,0
20,홍시후_성남,KOR,성남,W,7.288888889,1,12,6,0.5,0.133333333,0.066666667,0.083333333,0.166666667,0,119,85,32,0,1,6,2,1,0,1,9,0,5,0,12,656,10,16,1
20,임선영_성남,KOR,성남,MF,4.588888889,0,4,1,0.25,0.044444444,0.011111111,0,0,0,116,75,33,8,0,0,0,2,1,0,19,1,9,7,6,413,0,5,2
20,박동진_상주,KOR,상주,FW,6.577777778,2,24,10,0.416666667,0.266666667,0.111111111,0.083333333,0.2,1,114,83,31,0,0,2,1,0,0,1,9,0,6,4,10,592,18,17,1
20,임은수_인천,KOR,인천,MF,3.711111111,0,3,0,0,0.033333333,0,0,0,1,114,67,39,8,0,1,0,1,0,2,18,2,7,5,5,334,6,7,0
20,정재희_상주,KOR,상주,W,5.9,3,13,5,0.384615385,0.144444444,0.055555556,0.230769231,0.6,0,114,89,0,0,0,5,3,3,7,0,13,0,7,3,9,531,4,3,0
20,송승민_상주,KOR,상주,W,7.544444444,1,7,7,1,0.077777778,0.077777778,0.142857143,0.142857143,0,111,76,29,6,0,6,2,2,0,0,29,0,7,2,11,679,16,12,5
20,요바노비치_성남,KOR,성남,DF,2.111111111,0,0,0,0,0,0,0,0,3,111,55,39,17,0,0,0,0,0,3,13,0,3,5,2,190,3,0,0
20,한석희_수원,KOR,수원,FW,10.48888889,0,18,10,0.555555556,0.2,0.111111111,0,0,0,109,90,0,0,0,9,0,2,0,6,27,1,7,5,14,944,17,14,4
20,김성준_울산,KOR,울산,MF,2.066666667,0,2,0,0,0.022222222,0,0,0,1,105,64,37,4,0,2,0,1,0,0,0,1,4,0,3,186,3,0,0
20,전종혁_성남,KOR,성남,GK,4.266666667,0,0,0,0,0,0,0,0,15,100,0,44,40,0,0,0,0,0,0,0,0,0,0,4,384,0,0,0
20,정원진_상주,KOR,상주,MF,3.566666667,1,7,2,0.285714286,0.077777778,0.022222222,0.142857143,0.5,9,100,59,32,9,0,6,0,4,11,0,9,0,5,0,6,321,3,5,0
20,김정환_광주,KOR,광주,W,6.288888889,2,9,4,0.444444444,0.1,0.044444444,0.222222222,0.5,0,97,64,27,6,2,4,2,4,1,2,7,2,6,0,11,566,6,9,1
20,박준희_광주,KOR,광주,DF,1.911111111,0,1,0,0,0.011111111,0,0,0,4,96,51,42,3,0,0,21,1,0,1,8,0,4,3,2,172,0,3,0
20,서보민_성남,KOR,성남,FB,2.966666667,0,5,1,0.2,0.055555556,0.011111111,0,0,5,92,51,32,9,1,1,20,3,0,1,9,0,0,8,5,267,0,0,0
20,서민우_강원,KOR,강원,W,3.222222222,0,1,0,0,0.011111111,0,0,0,2,91,60,29,0,0,1,1,0,0,2,12,0,3,3,8,290,6,4,1
20,비욘존슨_울산,KOR,울산,FW,6.833333333,5,25,12,0.48,0.277777778,0.133333333,0.2,0.416666667,0,90,55,34,0,1,9,0,2,0,0,13,0,5,4,18,615,9,3,3
20,김효기_광주,KOR,광주,FW,3.911111111,0,7,1,0.142857143,0.077777778,0.011111111,0,0,0,89,78,0,0,0,1,0,0,0,0,14,0,6,0,12,352,3,5,2
20,이근호_울산,KOR,울산,FW,3.511111111,0,5,1,0.2,0.055555556,0.011111111,0,0,0,89,61,26,0,3,7,0,1,0,3,13,0,0,6,12,316,7,6,5
20,정준연_광주,KOR,광주,DF,3.144444444,0,3,0,0,0.033333333,0,0,0,0,89,54,29,6,0,1,27,1,0,2,14,1,5,10,3,283,0,11,0
20,진성욱_제주,KOR,제주,FW,5.1,0,10,6,0.6,0.111111111,0.066666667,0,0,0,88,62,24,0,1,4,0,0,0,0,0,0,4,4,5,459,12,12,2
20,박대한_인천,KOR,인천,FB,1.8,0,1,1,1,0.011111111,0.011111111,0,0,2,87,59,27,0,0,2,13,1,0,1,0,0,0,5,3,162,0,0,0
20,최범경_인천,KOR,인천,MF,2.888888889,0,4,1,0.25,0.044444444,0.011111111,0,0,0,86,70,0,0,0,2,1,0,1,0,13,1,0,0,9,260,0,8,0
20,김한길_전남,KOR,전남,W,2.566666667,0,1,1,1,0.011111111,0.011111111,0,0,3,85,65,0,3,0,2,11,1,0,1,17,0,0,0,4,231,0,6,0
20,강상희_서울,KOR,서울,DF,2.4,0,0,0,0,0,0,0,0,0,84,44,35,5,0,0,16,0,0,0,7,2,3,5,3,216,4,3,0
20,이상헌_울산,KOR,울산,MF,4.477777778,1,11,6,0.545454545,0.122222222,0.066666667,0.090909091,0.166666667,1,84,61,0,0,0,5,0,2,0,2,0,0,0,0,8,403,7,8,1
20,빈치씽코_부산,KOR,부산,FW,6.366666667,0,11,3,0.272727273,0.122222222,0.033333333,0,0,0,83,55,22,6,0,3,1,1,0,3,11,1,3,11,14,573,12,11,2
20,박정인_울산,KOR,울산,FW,3.711111111,0,6,1,0.166666667,0.066666667,0.011111111,0,0,0,82,67,0,0,1,3,0,0,0,0,8,0,4,2,7,334,6,4,0
20,기성용_서울,KOR,서울,MF,1.6,0,3,0,0,0.033333333,0,0,0,4,78,0,26,12,0,0,0,1,0,1,0,0,0,0,5,144,3,4,0
20,김정호_부산,KOR,부산,GK,4.288888889,0,0,0,0,0,0,0,0,17,77,0,30,30,0,0,0,0,0,0,0,0,0,4,4,386,0,0,0
20,이순민_광주,KOR,광주,DF,2.133333333,0,2,1,0.5,0.022222222,0.011111111,0,0,0,72,47,0,0,0,2,33,1,0,2,13,1,0,4,2,192,5,0,1
20,토미_성남,KOR,성남,FW,5.144444444,3,21,10,0.476190476,0.233333333,0.111111111,0.142857143,0.3,6,69,48,0,0,0,6,1,2,10,0,0,1,0,3,14,463,5,0,1
20,이준석_인천,KOR,인천,W,4.677777778,0,2,0,0,0.022222222,0,0,0,0,67,0,0,0,1,2,0,1,0,0,12,0,5,4,8,421,6,7,1
20,정지용_강원,KOR,강원,W,2.711111111,0,5,2,0.4,0.055555556,0.022222222,0,0,0,67,46,0,0,0,6,1,2,0,0,7,0,0,0,8,244,8,7,1
20,박세진_상주,KOR,상주,FB,3.677777778,0,4,0,0,0.044444444,0,0,0,5,66,44,0,3,0,4,4,6,10,5,15,0,3,0,12,331,7,12,3
20,임상협_수원,KOR,수원,W,2.933333333,0,3,1,0.333333333,0.033333333,0.011111111,0,0,0,66,49,0,0,0,3,4,1,0,0,0,0,0,0,6,264,7,3,1
20,양유민_서울,KOR,서울,W,1.977777778,0,2,0,0,0.022222222,0,0,0,2,65,0,0,0,0,2,7,3,1,4,18,0,4,0,4,178,5,0,0
20,오후성_대구,KOR,대구,MF,1.722222222,0,2,1,0.5,0.022222222,0.011111111,0,0,0,62,0,0,0,0,2,1,3,0,0,0,0,3,0,6,155,0,3,0
20,이근호_상주,KOR,상주,FW,3.811111111,0,10,4,0.4,0.111111111,0.044444444,0,0,0,62,48,0,0,1,6,1,2,0,0,0,0,0,0,7,343,4,7,0
20,최병찬_부천,KOR,부천,W,2.522222222,0,0,0,0,0,0,0,0,0,57,0,0,0,0,0,0,0,1,2,12,0,0,3,5,227,6,6,1
20,마르코_광주,KOR,광주,FW,2.444444444,0,4,1,0.25,0.044444444,0.011111111,0,0,1,55,0,0,6,1,3,3,1,0,0,0,0,0,0,8,220,0,0,1
20,정동호_울산,KOR,울산,FB,1.077777778,0,0,0,0,0,0,0,0,0,51,0,0,5,0,0,4,2,0,0,0,0,3,0,1,97,0,0,0
20,박지민_상주,KOR,상주,GK,3.177777778,0,0,0,0,0,0,0,0,12,50,0,0,18,0,0,0,0,0,0,0,0,0,0,3,286,0,0,0
20,이성윤_전북,KOR,전북,W,2.522222222,1,8,3,0.375,0.088888889,0.033333333,0.125,0.333333333,0,50,0,0,0,0,0,1,2,0,0,11,0,4,0,5,227,7,0,0
20,전승민_성남,KOR,성남,MF,0.8,0,0,0,0,0,0,0,0,1,49,0,26,0,0,1,0,0,0,0,0,0,0,0,1,72,0,0,0
20,허용준_상주,KOR,상주,FW,2.166666667,0,4,0,0,0.044444444,0,0,0,0,48,0,0,0,0,0,0,0,0,2,10,0,4,0,4,195,5,4,1
20,오현규_상주,KOR,상주,FW,2.911111111,2,10,2,0.2,0.111111111,0.022222222,0.2,1,1,46,0,0,3,0,2,0,0,1,0,0,0,0,4,5,262,7,5,1
20,차오연_서울,KOR,서울,DF,0.822222222,0,0,0,0,0,0,0,0,2,46,0,0,8,0,0,0,0,0,0,7,1,0,0,3,74,0,0,0
20,한의권_수원,KOR,수원,W,2.177777778,0,2,1,0.5,0.022222222,0.011111111,0,0,0,45,0,0,0,0,0,0,0,0,0,0,0,0,0,6,196,5,6,0
20,김대중_인천,KOR,인천,DF,2.1,1,3,1,0.333333333,0.033333333,0.011111111,0.333333333,1,0,44,0,22,4,0,1,0,0,0,0,9,2,0,4,6,189,0,0,2
20,권용현_안양,KOR,안양,MF,2.044444444,0,1,0,0,0.011111111,0,0,0,0,43,0,0,0,0,2,1,0,0,0,0,0,0,0,4,184,4,5,0
20,황태현_대구,KOR,대구,FB,1.211111111,0,0,0,0,0,0,0,0,0,42,0,0,5,0,1,10,2,0,0,0,0,0,0,4,109,0,0,0
20,구자룡_전북,KOR,전북,FB,1.111111111,0,0,0,0,0,0,0,0,0,40,0,24,0,0,0,0,0,0,3,0,0,4,2,2,100,0,0,0
20,라스_수원FC,KOR,수원FC,FW,2.722222222,1,14,3,0.214285714,0.155555556,0.033333333,0.071428571,0.333333333,0,40,0,0,0,0,1,1,2,0,0,0,0,0,2,10,245,5,4,0
20,아드리아노_서울,KOR,서울,FW,2.811111111,0,7,2,0.285714286,0.077777778,0.022222222,0,0,1,40,0,0,0,0,2,0,0,0,0,0,0,0,0,7,253,4,5,1
20,이수빈_전북,KOR,전북,MF,1.4,0,0,0,0,0,0,0,0,0,40,0,0,0,0,1,0,1,0,0,0,1,0,0,4,126,0,0,0
20,고영준_포항,KOR,포항,MF,1.355555556,2,9,4,0.444444444,0.1,0.044444444,0.222222222,0.5,0,38,0,0,0,1,6,1,2,0,0,0,0,0,0,8,122,0,0,0
20,안진범_인천,KOR,인천,MF,1.222222222,0,0,0,0,0,0,0,0,1,38,0,0,0,0,2,0,1,1,0,0,0,0,0,3,110,0,3,0
20,김종우_수원,KOR,수원,MF,0.844444444,0,0,0,0,0,0,0,0,0,36,0,0,0,0,0,0,0,0,0,0,0,0,0,3,76,3,0,0
20,김현_부산,KOR,부산,FW,3.444444444,1,9,3,0.333333333,0.1,0.033333333,0.111111111,0.333333333,0,36,0,0,0,0,0,0,0,0,2,9,0,0,2,7,310,4,3,1
20,김태윤_광주,KOR,광주,DF,0.744444444,0,0,0,0,0,0,0,0,0,35,0,24,7,0,0,0,0,0,2,0,2,0,0,1,67,0,0,0
20,윤종태_대구,KOR,대구,MF,1.444444444,0,3,1,0.333333333,0.033333333,0.011111111,0,0,0,33,0,0,0,0,0,1,0,0,0,0,0,0,0,4,130,5,0,0
20,강지훈_상주,KOR,상주,MF,0.911111111,0,1,1,1,0.011111111,0.011111111,0,0,1,31,0,0,0,1,1,8,2,1,0,0,0,2,0,1,82,4,0,0
20,정훈성_울산,KOR,울산,FW,1.788888889,1,3,1,0.333333333,0.033333333,0.011111111,0.333333333,1,0,28,0,0,0,0,0,1,0,0,1,0,0,0,0,5,161,10,0,0
20,김동헌_인천,KOR,인천,GK,3.211111111,0,0,0,0,0,0,0,0,7,27,0,0,18,0,0,0,0,0,0,0,0,0,3,3,289,0,0,0
20,이희균_광주,KOR,광주,FW,0.955555556,0,2,1,0.5,0.022222222,0.011111111,0,0,0,25,0,0,0,0,0,2,0,0,0,0,0,0,0,2,86,0,0,0
20,이호석_인천,KOR,인천,MF,1.055555556,0,0,0,0,0,0,0,0,0,24,0,0,0,0,1,0,0,0,0,0,0,0,0,3,95,5,0,0
20,권성윤_서울,KOR,서울,FW,0.777777778,0,0,0,0,0,0,0,0,0,23,0,0,0,0,0,0,1,0,0,0,0,0,0,2,70,0,3,1
20,박관우_부산,KOR,부산,FW,1.466666667,0,3,0,0,0.033333333,0,0,0,0,23,0,0,0,0,0,0,0,0,0,0,0,0,0,5,132,0,0,0
20,김준형_수원,KOR,수원,MF,0.388888889,0,0,0,0,0,0,0,0,0,22,0,0,0,0,0,0,0,0,0,0,1,0,0,2,35,0,0,0
20,남준재_포항,KOR,포항,FW,0.922222222,0,3,1,0.333333333,0.033333333,0.011111111,0,0,0,20,0,0,0,0,0,0,1,0,0,0,0,3,0,7,83,5,0,0
20,장성원_대구,KOR,대구,DF,0.588888889,0,0,0,0,0,0,0,0,0,19,0,0,0,0,1,4,0,0,0,0,0,0,0,2,53,0,0,0
20,케힌데_인천,KOR,인천,FW,1.477777778,0,0,0,0,0,0,0,0,0,19,0,0,0,0,2,0,0,0,0,0,0,0,3,3,133,0,5,0
20,류승우_제주,KOR,제주,MF,0.522222222,0,1,0,0,0.011111111,0,0,0,1,15,0,0,0,0,1,0,0,0,0,0,0,0,0,1,47,0,0,0
20,정성민_부산,KOR,부산,FW,1.388888889,0,0,0,0,0,0,0,0,0,14,0,0,0,0,1,0,0,0,0,0,0,0,3,3,125,3,0,1
20,강현묵_수원,KOR,수원,MF,0.533333333,0,1,0,0,0.011111111,0,0,0,0,13,0,0,0,0,0,0,0,0,0,0,0,0,0,1,48,0,0,0
20,박재훈_포항,KOR,포항,MF,0.388888889,0,0,0,0,0,0,0,0,0,13,0,0,0,0,1,0,0,0,0,0,0,0,0,1,35,0,0,0
20,한지호_경남,KOR,경남,MF,0.833333333,0,0,0,0,0,0,0,0,1,13,0,0,0,0,0,0,1,0,0,0,0,0,0,3,75,0,0,0
20,김진현_광주,KOR,광주,MF,0.688888889,0,0,0,0,0,0,0,0,0,10,0,0,0,0,0,1,0,0,2,0,0,0,2,2,62,0,0,0
20,나성은_전북,KOR,전북,FW,0.522222222,0,0,0,0,0,0,0,0,0,9,0,0,0,0,1,0,0,0,0,0,0,0,0,1,47,0,4,0
20,이시헌_전북,KOR,전북,MF,0.555555556,0,0,0,0,0,0,0,0,0,8,0,0,0,0,0,0,0,0,0,0,0,0,0,2,50,0,0,0
20,박호영_부산,KOR,부산,DF,0.855555556,0,1,0,0,0.011111111,0,0,0,0,6,0,0,0,0,0,0,0,0,0,0,0,0,0,2,77,3,0,0
20,정치인_대구,KOR,대구,FW,0.444444444,0,0,0,0,0,0,0,0,0,6,0,0,0,0,1,0,0,0,0,0,0,0,0,2,40,3,0,0
20,이종욱_인천,KOR,인천,FW,0.666666667,0,0,1,0,0,0.011111111,0,0,0,5,0,0,0,0,0,0,1,0,0,0,0,0,0,2,60,0,0,2
20,이지민_부산,KOR,부산,DF,0.255555556,0,0,0,0,0,0,0,0,1,5,0,0,0,0,0,2,0,0,0,0,1,0,0,2,23,0,0,0
20,부노자_인천,KOR,인천,DF,0.111111111,0,0,0,0,0,0,0,0,0,4,0,0,0,0,0,0,0,0,0,0,0,0,0,1,10,0,0,0
20,정창용_인천,KOR,인천,MF,0.244444444,0,0,0,0,0,0,0,0,0,4,0,0,0,0,0,0,0,0,0,0,0,0,0,1,22,0,0,0
20,구스타보_인천,KOR,인천,MF,0.433333333,0,0,0,0,0,0,0,0,0,3,0,0,0,0,1,0,0,0,0,0,0,0,0,3,39,0,0,0
20,유주안_수원FC,KOR,수원FC,FW,0.166666667,0,0,0,0,0,0,0,0,0,3,0,0,0,0,0,0,0,0,0,0,0,0,0,1,15,0,0,0
20,고재현_서울E,KOR,서울E,MF,0.511111111,0,0,0,0,0,0,0,0,0,2,0,0,0,0,0,0,0,0,0,0,0,0,0,1,46,3,0,0
20,조석영_서울,KOR,서울,DF,0.122222222,0,0,0,0,0,0,0,0,0,2,0,0,0,0,0,0,0,0,0,0,0,0,0,1,11,0,0,0
20,페시치_서울,KOR,서울,FW,0.244444444,0,0,0,0,0,0,0,0,0,2,0,0,0,0,0,0,0,0,0,0,0,0,0,1,22,0,0,0
20,김주환_포항,KOR,포항,DF,0.044444444,0,0,0,0,0,0,0,0,0,1,0,0,0,0,0,0,0,0,0,0,0,0,0,1,4,0,0,0
20,이승재_서울,KOR,서울,MF,0.1,0,0,0,0,0,0,0,0,0,1,0,0,0,0,0,0,0,0,0,0,0,0,0,1,9,0,0,0
20,이제호_인천,KOR,인천,MF,0.066666667,0,0,0,0,0,0,0,0,0,1,0,0,0,0,0,0,0,0,1,0,0,0,0,1,6,0,0,0
20,전세진_상주,KOR,상주,FW,0.055555556,0,0,0,0,0,0,0,0,0,1,0,0,0,0,0,0,0,0,1,0,0,0,0,1,5,0,0,0
20,헤이스_부산,KOR,부산,FW,0.122222222,0,0,0,0,0,0,0,0,0,1,0,0,0,0,0,0,0,0,0,0,0,0,0,1,11,0,0,0
